Date,Soil_Moisture,Irrigation_mm,Rain_mm,ET_o,ETmax,Kc,rho
2017-04-10,0.3868020408835952,39.77799028158188,0.0,17.227956128943752,6.8865262472183275,0.39972972972972975,0.030743420746510385
2017-04-11,0.5336389338941467,0.0,0.0,17.624635517451253,7.049854206980502,0.4,0.03147256342402009
2017-04-12,0.5021663704701267,0.0,0.0,17.608179988241258,7.043271995296504,0.4,0.031443178550430814
2017-04-13,0.47072319191969586,0.0,0.0,17.12208247027874,6.848832988111496,0.4,0.03057514726835489
2017-04-14,0.44014804465134094,0.0,0.0,16.923756840613304,6.769502736245322,0.4,0.03022099435823804
2017-04-15,0.4099270502931029,0.0,0.0,16.72788717529052,6.691154870116208,0.4,0.029871227098733067
2017-04-16,0.3800558231943698,0.0,0.0,16.831259595108964,6.732503838043586,0.4,0.030055820705551718
2017-04-17,0.3500000024888181,45.44357568025589,0.0,16.586416028244432,6.634566411297773,0.4,0.029618600050436483
2017-04-18,0.5232545081538096,0.0,0.0,16.555047787974736,6.622019115189895,0.4,0.02956258533566917
2017-04-19,0.4936919228181404,0.0,0.0,16.451876324428977,6.580750529771591,0.4,0.029378350579337457
2017-04-20,0.46431357223880293,0.0,0.0,16.11267426736937,6.4450697069477485,0.4,0.028772632620302444
2017-04-21,0.4355409396185005,0.0,0.0,15.907864511963753,6.363145804785502,0.4,0.028406900914220986
2017-04-22,0.4071340387042795,0.0,0.0,15.84877597234995,6.33951038893998,0.4,0.028301385664910625
2017-04-23,0.37883265303936886,0.0,0.0,16.146285598315472,6.458514239326189,0.4,0.02883265285413477
2017-04-24,0.3500000001852341,47.324811816215515,0.0,16.374675101908238,6.549870040763295,0.4,0.029240491253407566
2017-04-25,0.5320309902542172,0.0,0.0,16.679510226402147,6.671804090560859,0.4,0.029784839690003832
2017-04-26,0.5022461505642134,0.0,0.0,16.901966196587434,6.760786478634974,0.4,0.03018208249390613
2017-04-27,0.47206406807030726,0.0,0.0,17.034217874413997,6.813687149765599,0.4,0.030418246204310707
2017-04-28,0.44164582186599655,0.0,0.0,16.84437828457066,6.737751313828264,0.4,0.030079246936733316
2017-04-29,0.41156657492926324,0.0,0.0,17.129860951510757,6.851944380604303,0.4,0.030589037413412064
2017-04-30,0.3809775375158512,0.0,0.0,17.34741998550407,6.938967994201629,0.4,0.030977535688400126
2017-05-01,0.35000000182745106,51.84907615184784,0.0,17.459459469502402,6.983783787800961,0.4,0.03117760619554
2017-05-02,0.5502914855955174,0.0,0.0,17.465498116230663,7.143388729538342,0.40900000000000003,0.03189012825686759
2017-05-03,0.5184013573386499,0.0,0.0,16.812282058381744,7.0275339004035695,0.41800000000000004,0.031372919198230216
2017-05-04,0.4870284381404197,0.0,0.0,17.483892294238455,7.465622009639821,0.42700000000000005,0.03332866968589206
2017-05-05,0.45369976845452764,0.0,0.0,17.60550223203834,7.675998973168716,0.436,0.034267852558788905
2017-05-06,0.41943191589573875,0.0,0.0,17.06435899557328,7.593639753030109,0.445,0.033900177468884414
2017-05-07,0.38553173842685434,0.0,0.0,17.53107681463191,7.959108873842887,0.454,0.035531736043941456
2017-05-08,0.3500000023829129,57.74001628160477,0.43991,17.46896131492492,8.088129088810238,0.463,0.036107719146474274
2017-05-09,0.5736240969936027,0.0,0.0,17.854841774371533,8.427485317503365,0.47200000000000003,0.03762270231028288
2017-05-10,0.5360013946833199,0.0,0.0,17.831999402117102,8.577191712418326,0.48100000000000004,0.03829103443043895
2017-05-11,0.4977103602528809,0.0,0.0,17.549505677211037,8.599257781833408,0.49,0.03838954366889914
2017-05-12,0.4593208165839818,0.0,0.0,17.212208384636195,8.588891983933461,0.499,0.03834326778541723
2017-05-13,0.4209775487985645,0.0,0.0,17.35653995529388,8.817122297289291,0.508,0.03936215311289862
2017-05-14,0.38161539568566594,0.0,7.7012,17.11207378998742,8.846942149423496,0.517,0.03949527745278346
2017-05-15,0.3765004753757396,59.1562083363533,0.33277,16.569225791871318,8.715412766524313,0.526,0.03890809270769782
2017-05-16,0.6031681788124761,0.0,0.0,16.36094672464155,8.75310649768323,0.535,0.039076368293228705
2017-05-17,0.5640918105192474,0.0,0.0,16.449833561169942,8.948709457276449,0.544,0.03994959579141271
2017-05-18,0.5241422147278347,0.0,0.0,16.719814025269837,9.24605715597422,0.553,0.04127704087488491
2017-05-19,0.4828651738529498,0.0,0.0,16.856062556534916,9.473107156772624,0.562,0.04229065694987778
2017-05-20,0.44057451690307203,0.0,0.0,17.078721656654587,9.751950065949767,0.571,0.04353549136584717
2017-05-21,0.39703902553722487,0.0,0.0,17.593054501051803,10.203971610610047,0.5800000000000001,0.04555344469022342
2017-05-22,0.35148558084700143,60.0,0.0,17.719403008103264,10.436728371772821,0.589,0.046592537373985804
2017-05-23,0.5727501863301585,0.0,0.0,17.41477963161291,10.41403821970452,0.598,0.04649124205225231
2017-05-24,0.5262589442779062,0.0,0.0,17.376570819221907,10.547578487267698,0.607,0.0470874039610165
2017-05-25,0.4791715403168897,0.0,0.0,17.360792106966716,10.694247937891497,0.616,0.047742178294158465
2017-05-26,0.43142936202273124,0.0,0.0,16.926225835924726,10.578891147452953,0.625,0.04722719262255782
2017-05-27,0.38420216940017343,0.0,0.0,16.407680792477585,10.40246962243079,0.634,0.046439596528708875
2017-05-28,0.33776257287146455,0.0,0.0,16.21277953065127,10.424817238208767,0.643,0.03685748766265094
2017-05-29,0.3009050852088136,60.0,0.0,16.119539902196124,10.509940016231871,0.6519999999999999,0.007759828811412256
2017-05-30,0.5610023992545442,0.0,0.0,16.210168695641432,10.714921507818987,0.661,0.047834471017049046
2017-05-31,0.5131679282374951,0.0,0.0,15.961865390297202,10.694449811499124,0.6699999999999999,0.04774307951562109
2017-06-01,0.46542484872187406,0.0,0.0,15.861264188702414,10.76979838412894,0.679,0.04807945707200419
2017-06-02,0.4173453916498699,0.0,12.292,13.299763373941207,9.15023720127155,0.688,0.04084927321996227
2017-06-03,0.4313711184299076,0.0,1.2719,15.753409782078975,10.980126618109045,0.697,0.04901842240227252
2017-06-04,0.3880308210276351,0.0,2.4178,13.985140791791398,9.873509399004726,0.706,0.04407816695984252
2017-06-05,0.35474640406779256,59.05774265527725,0.0,14.852703472265818,10.619682982670058,0.715,0.04740929902977704
2017-06-06,0.5709877418919318,0.0,0.0,14.612659013418982,10.579565125715343,0.724,0.047230201454086344
2017-06-07,0.5237575404378455,0.0,0.55714,14.173478940717011,10.38916006354557,0.733,0.04638017885511414
2017-06-08,0.4798645937255885,0.0,0.43149,13.856796810932842,10.281743233712168,0.742,0.04590063943621503
2017-06-09,0.4358902489322306,0.0,3.6919,13.356127722236227,10.030451919399406,0.7509999999999999,0.04477880321160448
2017-06-10,0.40759314214919756,0.0,28.058,12.106721540599246,9.201108370855426,0.76,0.041076376655604575
2017-06-11,0.49177569406502153,0.0,1.3842,11.150105342415607,8.574431008317601,0.769,0.03827870985856072
2017-06-12,0.4596764484921751,41.11633658409119,9.1866,14.071433276518116,10.947575089131094,0.778,0.048873103076478096
2017-06-13,0.6353700265946755,0.0,10.847,13.963705104062555,10.98943591689723,0.7869999999999999,0.04905998177186263
2017-06-14,0.63473415196567,0.0,0.0,13.274933184185523,10.566846814611676,0.796,0.0471734232795164
2017-06-15,0.5875607286861535,0.0,5.5824,13.62167377604877,10.965447389719259,0.8049999999999999,0.04895289013267526
2017-06-16,0.5635292671249068,0.0,0.0,14.24798920491551,11.597863212801226,0.8140000000000001,0.05177617505714832
2017-06-17,0.5117530920677584,0.0,0.64541,14.390015100695894,11.84298242787272,0.823,0.05287045726728892
2017-06-18,0.46176392944332667,0.0,0.0,13.613761155931252,11.3266492817348,0.832,0.050565398579173214
2017-06-19,0.4111985308641535,59.03247356414795,0.0,13.28251849709211,11.170598056054464,0.841,0.04986874132167171
2017-06-20,0.6248676179538565,0.0,0.0,12.256666262255061,10.418166322916802,0.85,0.046509671084450005
2017-06-21,0.5783579468694064,0.0,0.0,12.181248899392214,10.354061564483382,0.85,0.04622348912715795
2017-06-22,0.5321344577422485,0.0,0.0,11.939981206831307,10.14898402580661,0.85,0.045307964400922364
2017-06-23,0.48682649334132616,0.0,0.63492,13.274959851006352,11.2837158733554,0.85,0.05037373157747946
2017-06-24,0.439287226049561,0.0,0.26531,13.817126415998503,11.744557453598727,0.85,0.05243106006070859
2017-06-25,0.38804058563170957,0.0,13.652,13.112018698132697,11.145215893412793,0.85,0.04975542809559282
2017-06-26,0.3992315861075453,36.716212034225464,0.56115,10.991126732120595,9.342457722302505,0.85,0.041707400545993326
2017-06-27,0.5239409803572013,0.0,0.19952,10.04908547913296,8.541722657263016,0.85,0.03813269043420989
2017-06-28,0.48669900420870565,0.0,1.1241,10.096163034096252,8.581738578981813,0.85,0.03831133294188309
2017-06-29,0.4534059748382511,0.0,0.66699,9.682929982884904,8.230490485452169,0.85,0.03674326109576861
2017-06-30,0.41964034767105396,0.0,8.1175,10.392606839781802,8.833715813814532,0.85,0.03943623131167201
2017-07-01,0.41644295564509626,0.0,7.2988,9.64156733855038,8.195332237767824,0.85,0.036586304632892065
2017-07-02,0.4124405795836328,0.0,12.646,10.678494783807224,9.07672056623614,0.85,0.04052107395641134
2017-07-03,0.4283748627700786,47.711055278778076,6.102,12.552828174644624,10.66990394844793,0.85,0.04763349976985682
2017-07-04,0.6209782169233382,0.0,11.883,11.463063137012853,9.743603666460924,0.85,0.0434982306538434
2017-07-05,0.630529093412352,0.0,0.0,12.015473669560484,10.213152619126411,0.85,0.04559443133538576
2017-07-06,0.5849346620769662,0.0,0.0,12.073416764375848,10.26240424971947,0.85,0.04581430468624763
2017-07-07,0.5391203573907186,0.0,0.0,13.335836082622219,11.335460670228885,0.85,0.050604735134950375
2017-07-08,0.4885156222557682,0.0,0.79237,12.934709727584188,10.99450326844656,0.85,0.049082603876993564
2017-07-09,0.4429703844502032,0.0,0.0,12.957016977743704,11.013464431082149,0.85,0.049167251924473875
2017-07-10,0.39380313252572935,26.24776840209961,0.0,12.679379896163557,10.777472911739023,0.85,0.048113718355977775
2017-07-11,0.46286695167912484,0.0,0.0,11.042155544760258,9.38583221304622,0.85,0.0419010366653849
2017-07-12,0.4209659150137399,0.0,1.0187,9.935294818357287,8.445000595603693,0.85,0.03770089551608791
2017-07-13,0.38781278735479485,0.0,8.2546,9.934934648777023,8.44469445146047,0.85,0.037699528801162806
2017-07-14,0.3869641514107749,0.0,16.268,9.75014541068126,8.28762359907907,0.85,0.03699831963874585
2017-07-15,0.42259083177202905,0.0,31.596,8.995320690754836,7.64602258714161,0.85,0.034134029406882184
2017-07-16,0.5295103737937183,0.0,5.0292,8.9631893505995,7.618710948009574,0.85,0.03401210244647131
2017-07-17,0.5179500570615327,0.0,7.9631,9.050549464235214,7.692967044599932,0.85,0.034343602877678264
2017-07-18,0.519156007755283,0.0,2.0566,9.754561689703586,8.291377436248048,0.85,0.03701507784039307
2017-07-19,0.49132217991488997,0.0,0.22329,9.54378675250612,8.112218739630203,0.85,0.03621526223049197
2017-07-20,0.45610374804154086,0.0,2.3922,7.887764900363698,6.704600165309143,0.85,0.029931250737987244
2017-07-21,0.43685196158926787,0.0,14.665,8.62560179815259,7.331761528429702,0.85,0.03273107825191831
2017-07-22,0.46958963333734954,0.0,10.796,9.781369865667713,8.314164385817556,0.85,0.03711680529382837
2017-07-23,0.48066925661494975,0.0,14.249,9.234243683582633,7.849107131045238,0.85,0.03504065683502338
2017-07-24,0.5092402069227835,0.0,17.506,9.63255416908772,8.187671043724562,0.85,0.03655210287377036
2017-07-25,0.5508398897632988,0.0,8.9044,9.577190012488993,8.140611510615644,0.85,0.03634201567239126
2017-07-26,0.5542496598051933,0.0,0.86811,9.694266189389324,8.240126260980926,0.85,0.0367862779508077
2017-07-27,0.5213388729258142,0.0,2.4528,10.580473530557192,8.993402500973612,0.85,0.04014911830791791
2017-07-28,0.4921397546178962,0.0,11.706,10.696697609560427,9.092192968126364,0.85,0.04059014717913555
2017-07-29,0.5038085360101893,0.0,15.221,11.27875979617864,9.586945826751844,0.85,0.0427988652979993
2017-07-30,0.5289605635693329,0.0,4.3177,11.56034175153141,9.826290488801698,0.85,0.043867368253579
2017-07-31,0.5043686417443253,27.185139656066895,7.2674,10.978544689577028,9.331762986140474,0.85,0.04165965618812711
2017-08-01,0.6165149661636397,0.0,3.4358,10.368787803750312,8.813469633187765,0.85,0.03934584657673109
2017-08-02,0.5925075124440514,0.0,0.87352,11.052077194184903,9.394265615057167,0.85,0.041938685781505204
2017-08-03,0.5544684695196891,0.0,1.4838,11.113106867218567,9.446140837135783,0.85,0.04217027159435617
2017-08-04,0.51892230506819,0.0,2.1294,10.940218866061276,9.299186036152085,0.85,0.04151422337567894
2017-08-05,0.4869143316925111,0.0,0.0,11.06571376415919,9.405856699535311,0.85,0.04199043169435406
2017-08-06,0.444923899998157,0.0,0.29535,11.516818599771621,9.789295809805878,0.85,0.04370221343663338
2017-08-07,0.40254021334723794,56.04241132736206,0.0,12.090018331299586,10.276515581604647,0.85,0.045877301703592166
2017-08-08,0.6068522479265122,0.0,0.0,12.767426390624667,10.852312432030967,0.85,0.048447823357281095
2017-08-09,0.558404424569231,0.0,0.14964,11.135922354472614,9.465534001301721,0.85,0.04225684822009697
2017-08-10,0.5168156120634197,0.0,0.31746,11.089249030544519,9.42586167596284,0.85,0.042079739624834106
2017-08-11,0.4761531045814428,0.0,1.0868,11.761869460961426,9.997589041817212,0.85,0.04463209393668398
2017-08-12,0.4363727963590445,0.0,0.10056,10.250123103957218,8.712604638363635,0.85,0.03889555642126622
2017-08-13,0.39792616850920687,0.0,0.48907,10.683530912756053,9.081001275842645,0.85,0.04054018426715466
2017-08-14,0.35956933245633793,58.96252155303955,1.67,12.217591266626092,10.384952576632179,0.85,0.04636139543139365
2017-08-15,0.5838888368152994,0.0,2.751,11.578884284783772,9.842051642066206,0.85,0.043937730544938415
2017-08-16,0.5522323562703609,0.0,0.44745,10.901450536937668,9.266232956397017,0.85,0.04136711141248668
2017-08-17,0.5128627895007314,0.0,1.2256,10.199757477440269,8.669793855824228,0.85,0.03870443685635815
2017-08-18,0.4796297812158018,0.0,1.6271,10.2054086537833,8.674597355715804,0.85,0.038725881052302694
2017-08-19,0.4481677394492134,0.0,0.55464,10.135617522879912,8.615274894447925,0.85,0.03846104863592823
2017-08-20,0.41218276224185657,0.0,6.5984,10.281947629227417,8.739655484843304,0.85,0.03901631912876474
2017-08-21,0.4026235859702347,42.516890466213226,20.327,12.095814243341923,10.281442106840634,0.85,0.045899295119824254
2017-08-22,0.6372773732888622,0.0,5.2501,12.57715417327037,10.690581047279816,0.85,0.047725808246784886
2017-08-23,0.6129895114706488,0.0,0.0,12.352259545570032,10.499420613734527,0.85,0.046872413454171986
2017-08-24,0.5661170980164768,0.0,0.0,12.659025629240853,10.760171784854725,0.85,0.04803648118238716
2017-08-25,0.5180806168340897,0.0,0.10535,11.694932006379835,9.94069220542286,0.85,0.044378090202780614
2017-08-26,0.4741728391313091,0.0,6.427,11.385439229140419,9.677623344769355,0.85,0.04320367564629176
2017-08-27,0.4596611277707316,0.0,4.0282,10.394830216254185,8.835605683816057,0.85,0.03944466823132168
2017-08-28,0.4381994952536956,34.75104331970215,4.251,10.384043340109747,8.826436839093285,0.85,0.0394037358888093
2017-08-29,0.5729120241849852,0.0,14.033,11.97132087306103,10.175622742101876,0.85,0.04542688724152622
2017-08-30,0.5901324583720304,0.0,5.3066,11.818356035342198,10.045602630040868,0.85,0.044846440312682444
2017-08-31,0.5689761966307766,0.0,11.993,12.665044020902123,10.765287417766803,0.85,0.04805931882931608
2017-09-01,0.574457056372889,0.0,0.90374,12.779750789886938,10.862788171403897,0.85,0.04849459005091025
2017-09-02,0.5299970198934073,0.0,0.11054,12.842824545744968,10.916400863883222,0.85,0.048733932428050096
2017-09-03,0.48175656960821434,0.0,0.0,13.092205819753069,11.128374946790109,0.85,0.04968024529817012
2017-09-04,0.4320763243100442,56.312642097473145,0.0,13.037275417182524,11.081684104605145,0.85,0.04947180403841582
2017-09-05,0.634000243921062,0.0,0.0,12.21490220316165,10.382666872687402,0.85,0.046351191395925896
2017-09-06,0.5876490525251361,0.0,0.0,11.853160625156217,10.075186531382785,0.85,0.044978511300816
2017-09-07,0.5426705412243201,0.0,0.0,13.530873996036537,11.501242896631055,0.85,0.05134483435996006
2017-09-08,0.49132570686436006,0.0,0.0,13.735255204704153,11.674966923998529,0.85,0.05212038805356485
2017-09-09,0.4392053188107952,0.0,11.341,13.43471757338336,11.419509937375855,0.85,0.05097995507757078
2017-09-10,0.4388548280189387,0.0,0.0,13.911688629065896,11.824935334706012,0.85,0.0527898898870804
2017-09-11,0.3860649381318583,59.16697025299072,1.3984,13.325031823797966,11.32627705022827,0.85,0.0505637368313762
2017-09-12,0.6058823185013336,0.0,0.24808,12.09023228026518,10.276697438225403,0.85,0.04587811356350626
2017-09-13,0.5611117049378272,0.0,8.7526,11.992810874802828,10.193889243582403,0.85,0.04550843412313572
2017-09-14,0.5546773779575487,0.0,4.422,13.181665927097841,11.204416038033164,0.85,0.05001971445550519
2017-09-15,0.524398734930615,0.0,4.4303,11.92574450600247,10.136882830102099,0.85,0.045253941205812935
2017-09-16,0.498922918724802,0.0,2.5857,11.292217976348411,9.59838527989615,0.85,0.04284993428525066
2017-09-17,0.4676162880109799,0.0,3.5823,12.124941347415595,10.306200145303254,0.85,0.046009822077246666
2017-09-18,0.43759887664801894,36.63883924484253,0.0,10.740861763463727,9.129732498944167,0.85,0.04075773437028645
2017-09-19,0.5604073889064938,0.0,9.5969,10.468228173491283,8.63628824313031,0.825,0.038554858228260304
2017-09-20,0.5646958342496621,0.0,9.1104,12.446287432797384,9.957029946237906,0.7999999999999999,0.04445102654570493
2017-09-21,0.5609162362753857,0.0,2.1851,12.898717542297774,9.996506095280775,0.775,0.044627259353932025
2017-09-22,0.5260438876357394,0.0,0.31895,12.693738449607185,9.52030383720539,0.75,0.04250135641609548
2017-09-23,0.48496641514821537,0.0,0.0,12.955566537043337,9.39278573935642,0.725,0.04193207919355544
2017-09-24,0.4430343359546599,0.0,0.0,13.39231440962068,9.374620086734476,0.7,0.04185098253006462
2017-09-25,0.40118335342459527,44.10440593957901,0.0,13.391014272737273,9.038934634097659,0.675,0.04035238675936455
2017-09-26,0.5577256360383513,0.0,0.0,13.188079239596757,8.57225150573789,0.6499999999999999,0.03826897993632986
2017-09-27,0.5194566561020215,0.0,0.17687,13.114830074965344,8.19676879685334,0.625,0.03659271784309526
2017-09-28,0.48365353647321196,0.0,0.44218,13.2819479014355,7.969168740861299,0.6,0.03557664616455937
2017-09-29,0.45005090816579546,0.0,0.22796,13.13811662139737,7.554417057303486,0.575,0.03372507614867627
2017-09-30,0.41734351058854774,0.0,0.0,13.342919520164553,7.338605736090505,0.55,0.032761632750404036
2017-10-01,0.3845818778381437,0.0,0.0,13.141581040434481,6.899330046228101,0.5249999999999999,0.030800580563518306
2017-10-02,0.3537812972746254,34.271836280822754,0.0,13.462734251970131,6.731367125985066,0.5,0.03005074609814761
2017-10-03,0.4767298202872936,0.0,0.0,13.539328416094357,6.431180997644819,0.475,0.028710629453771508
2017-10-04,0.4480191908335221,0.0,0.0,13.694249666556349,6.1624123499503565,0.44999999999999996,0.02751076941942123
2017-10-05,0.4205084214141009,0.0,0.0,13.196886899234539,5.608676932174679,0.425,0.02503873630435124
2017-10-06,0.39546968510974967,0.0,0.0,12.363531707059884,4.945412682823953,0.39999999999999997,0.02207773519117836
2017-10-07,0.37339194991857133,0.0,3.6125,12.243835313112026,4.591438242417009,0.375,0.02049749215364736
2017-10-08,0.3690216899077811,0.0,7.0103,11.924785882587447,4.173675058905606,0.35,0.01863247794154288
2017-10-09,0.38168519410909535,0.0,8.9982,9.742528239226822,3.412517999469719,0.35027027027027025,0.015234455354775528
2017-10-10,0.4066212744686055,0.0,11.379,9.99280009306631,3.5028815461370275,0.3505405405405405,0.015637864045254586
2017-10-11,0.44178251756620807,0.0,11.534,11.893757521861321,4.17245871983135,0.3508108108108108,0.018627047856389953
2017-10-12,0.47464654113838955,0.0,9.0116,12.21268275562978,4.287641864746779,0.35108108108108105,0.019141258324762402
2017-10-13,0.4957356399564843,0.0,3.7571,12.184272333885444,4.280960549743534,0.3513513513513513,0.019111431025640772
2017-10-14,0.4933969767879864,0.0,4.2888,12.059040375029118,4.240219331868346,0.3516216216216216,0.01892955058869797
2017-10-15,0.493613854770717,0.0,3.2932,12.261096236604363,4.3145803513672645,0.35189189189189185,0.019261519425746713
2017-10-16,0.489054121059256,0.0,0.0,12.361637722893306,4.353301068359453,0.3521621621621621,0.019434379769461843
2017-10-17,0.46961974128979417,0.0,0.0,12.21802150287812,4.3060270377710985,0.3524324324324324,0.019223334990049544
2017-10-18,0.45039640629974464,0.0,0.0,11.825621933869002,4.170928817215959,0.3527027027027027,0.018620217933999813
2017-10-19,0.43177618836574483,0.0,0.0,11.558704047468687,4.0799101313497586,0.352972972972973,0.018213884514954277
2017-10-20,0.41356230385079057,0.0,0.0,11.39110392219169,4.023830493595821,0.35324324324324324,0.017963528989267057
2017-10-21,0.3955987748615235,0.0,0.0,11.756220426340784,4.155982788555066,0.3535135135135135,0.018553494591763687
2017-10-22,0.3770452802697598,0.0,0.0,11.707798494318848,4.142029251098209,0.3537837837837838,0.01849120201383129
2017-10-23,0.3585540782559285,25.22254317998886,0.0,11.53925526897807,4.08552010874629,0.35405405405405405,0.018238929056903077
2017-10-24,0.45291578839540425,0.0,0.0,11.36990927783839,4.028635422498954,0.3543243243243243,0.017984979564727468
2017-10-25,0.4349308088306768,0.0,0.0,11.005776040347522,3.902588693225932,0.3545945945945946,0.01742227095190148
2017-10-26,0.41750853787877534,0.0,0.0,10.734614353381746,3.809337471889252,0.35486486486486485,0.017005970856648445
2017-10-27,0.4005025670221269,0.0,0.0,10.743260749116583,3.8153093579295105,0.3551351351351351,0.017032631062185312
2017-10-28,0.38346993595994155,0.0,0.0,10.619323267520883,3.7741648910243137,0.3554054054054054,0.016848950406358542
2017-10-29,0.366620985553583,0.0,0.0,10.467683944015675,3.7231005595471967,0.35567567567567565,0.0166209846408357
2017-10-30,0.3500000009127473,26.019493639469147,0.0,10.528926330816654,3.7477286426177114,0.3559459459459459,0.016730931440257637
2017-10-31,0.44942752322011975,0.0,0.0,10.569519311366095,3.7650341763190576,0.3562162162162162,0.016808188287138648
2017-11-01,0.4326193349329811,0.0,0.0,10.578982284951998,3.77126422536532,0.35648648648648645,0.016836001006095176
2017-11-02,0.41578333392688593,0.0,0.0,10.495340698068786,3.744283708500215,0.3567567567567567,0.016715552270090243
2017-11-03,0.3990677816567957,0.0,0.0,10.376492068881657,3.7046881143223422,0.357027027027027,0.016538786224653313
2017-11-04,0.38252899543214236,0.0,0.0,10.202796625005274,3.6454316589883704,0.35729729729729726,0.01627424847762665
2017-11-05,0.3662547469545157,0.0,0.0,10.182867730155452,3.6410632451339633,0.3575675675675676,0.016254746630062333
2017-11-06,0.3500000003244534,24.752469956874847,0.0,10.022904435785387,3.586574452156717,0.35783783783783785,0.016011493089985344
2017-11-07,0.44449060525623074,0.0,0.0,9.853214143062283,3.528515875556088,0.3581081081081081,0.01575230301587539
2017-11-08,0.42873830224035536,0.0,0.0,9.683213235367303,3.470254256782985,0.3583783783783784,0.015492206503495465
2017-11-09,0.4132460957368599,0.0,0.0,9.714550880464783,3.4841105455072343,0.35864864864864865,0.015554064935300151
2017-11-10,0.39769203080155974,0.0,0.0,9.94479740427111,3.569375933208658,0.3589189189189189,0.015934713987538648
2017-11-11,0.3817573168140211,0.0,0.0,9.915881328452159,3.561677374462951,0.3591891891891892,0.0159003454217096
2017-11-12,0.3658569713923115,0.0,0.0,9.881396141890948,3.5519613158689083,0.35945945945945945,0.015856970160129054
2017-11-13,0.35000000123218244,24.671803414821625,0.0,9.712078142334885,3.4937232452561435,0.3597297297297297,0.015596978773464925
2017-11-14,0.4445450019891712,0.0,0.0,9.802581164260856,3.5289292191339077,0.36,0.015754148299704944
2017-11-15,0.42879085368946623,0.0,0.0,9.81446320300497,3.5358593107042227,0.36027027027027025,0.01578508620850099
2017-11-16,0.41300576748096524,0.0,0.0,9.699201772153486,3.4969554497439868,0.3605405405405405,0.015611408257785652
2017-11-17,0.39739435922317956,0.0,0.0,9.604606242484481,3.4654457658694002,0.3608108108108108,0.015470740026202677
2017-11-18,0.38192361919697687,0.0,0.0,9.965994388168356,3.598532027727817,0.36108108108108106,0.016064875123784895
2017-11-19,0.36585874407319197,0.0,0.0,9.830760323447569,3.5523585276890266,0.3613513513513513,0.01585874342718315
2017-11-20,0.35000000064600884,24.07767355442047,0.52345,9.775175186717227,3.5349147026561214,0.3616216216216216,0.015780869208286256
2017-11-21,0.4440455758770997,0.0,0.0,9.637254975911093,3.487644435877014,0.36189189189189186,0.015569841231593811
2017-11-22,0.42847573464550587,0.0,0.36776,9.60398682748544,3.4782006348190504,0.3621621621621621,0.015527681405442187
2017-11-23,0.4145898389543494,0.0,0.0,9.338030510059935,3.38440511188929,0.3624324324324324,0.0151089513923629
2017-11-24,0.3994808875619865,0.0,0.0,9.366450257905067,3.3972368232725945,0.3627027027027027,0.015166235818181223
2017-11-25,0.3843146517438053,0.0,0.0,9.401936327741904,3.412648780583075,0.362972972972973,0.015235039199031583
2017-11-26,0.3690796125447737,0.0,0.0,9.312279371707502,3.3826225609661846,0.36324324324324325,0.015100993575741893
2017-11-27,0.3539786189690318,22.19607263803482,0.0,9.147876300339668,3.325376655123474,0.3635135135135135,0.014845431496086936
2017-11-28,0.43822279746417175,0.0,0.0,9.035155122194983,3.2868429174255263,0.3637837837837838,0.014673405881363955
2017-11-29,0.4235493915828078,0.0,0.0,9.45971583986475,3.443847901702113,0.36405405405405405,0.015374320989741574
2017-11-30,0.40817507059306624,0.0,0.0,9.135925287616033,3.3284398074882193,0.3643243243243243,0.01485910628342955
2017-12-01,0.39331596430963667,0.0,0.0,8.93155021127237,3.2563949283801152,0.3645945945945946,0.014537477358839798
2017-12-02,0.37877848695079686,0.0,0.0,8.682535713772172,3.1679522198898464,0.36486486486486486,0.014142643838793956
2017-12-03,0.3646358431120029,0.0,0.0,8.978672064398713,3.278428637568287,0.3651351351351351,0.01463584213200128
2017-12-04,0.35000000098000167,20.076195895671844,0.0,7.612441599429221,2.7816273087644072,0.3654054054054054,0.01241797905698396
2017-12-05,0.427207896457267,0.0,1.1272,7.394250648013884,2.7038976018277796,0.36567567567567566,0.012070971436731158
2017-12-06,0.42016906787767866,0.0,2.5024,7.778423467098448,2.846482533635486,0.3659459459459459,0.012707511310872704
2017-12-07,0.41863298513823455,0.0,0.0,8.108928752092739,2.9696212051582864,0.3662162162162162,0.013257237523028063
2017-12-08,0.4053757476152065,0.0,0.0,8.190436073091497,3.001684139219478,0.36648648648648646,0.013400375621515526
2017-12-09,0.391975371993691,0.0,0.0,7.748980638215264,2.841991007042733,0.36675675675675673,0.012687459852869343
2017-12-10,0.37928791214082164,0.0,0.0,7.985492537156709,2.930891585259138,0.367027027027027,0.01308433743419258
2017-12-11,0.36620357470662906,18.200921416282654,0.0,8.07584622780139,2.9662364928600238,0.36729729729729726,0.013242127200267961
2017-12-12,0.43421556097190867,0.0,0.0,8.39470168422363,3.0856200785254426,0.3675675675675676,0.013775089636274296
2017-12-13,0.4204404713356344,0.0,0.0,8.625171345265814,3.1726643786234523,0.36783783783783786,0.01416368026171184
2017-12-14,0.40627679107392256,0.0,0.0,8.574283807042171,3.1562633905922803,0.3681081081081081,0.014090461565144107
2017-12-15,0.39218632950877846,0.0,0.0,8.606009373294455,3.170267777243336,0.3683783783783784,0.014152981148407748
2017-12-16,0.3780333483603707,0.0,0.0,8.519223487933516,3.1406002263625177,0.36864864864864866,0.014020536724832666
2017-12-17,0.36401281163553806,0.0,0.0,8.508291414505345,3.1388696704864314,0.3689189189189189,0.014012811028957281
2017-12-18,0.35000000060658076,21.940730810165405,0.0,8.325960229878202,3.073854506490169,0.3691891891891892,0.013722564761116824
2017-12-19,0.4342271269622738,0.0,0.0,8.690193521562882,3.210674201074719,0.36945945945945946,0.014333366969083565
2017-12-20,0.41989375999319023,0.0,0.0,8.394425980208714,3.1036688488987894,0.36972972972972973,0.01385566450401245
2017-12-21,0.4060380954891778,0.0,0.0,8.60217769338624,3.182805746552909,0.37,0.014208954225682628
2017-12-22,0.39182914126349516,0.0,0.0,8.379732573438359,3.1027658447596083,0.37027027027027026,0.013851633235533964
2017-12-23,0.3779775080279612,0.0,0.0,8.447649025871856,3.1301964363433283,0.37054054054054053,0.013974091233675571
2017-12-24,0.36400341679428566,0.0,0.0,8.459204851056805,3.136764609635118,0.3708108108108108,0.01400341343587106
2017-12-25,0.3500000033584146,20.51267981529236,0.0,8.282388251558631,3.0734375863216217,0.37108108108108107,0.01372070351036438
2017-12-26,0.4278537633091768,0.0,0.0,8.144133500890714,3.0243349811415783,0.37135135135135133,0.013501495451524901
2017-12-27,0.4143522678576519,0.0,0.0,8.075820385930161,3.0011494677443165,0.3716216216216216,0.013397988695287126
2017-12-28,0.40095427916236476,0.0,0.0,8.030872711784358,2.986616446328453,0.37189189189189187,0.013333109135394879
2017-12-29,0.3876211700269699,0.0,0.0,7.602304531094262,2.8292900917072425,0.37216216216216214,0.01263075933797876
2017-12-30,0.37499041068899114,0.0,0.0,7.568042736429828,2.8185845650811627,0.3724324324324324,0.012582966808398046
2017-12-31,0.3624074438805931,0.0,0.0,7.457061078564417,2.7792668182000897,0.3727027027027027,0.01240744115267897
2018-01-01,0.35000000272791415,21.67706608772278,0.0,7.521059419644751,2.8051518916512856,0.372972972972973,0.01252299951630038
2018-01-02,0.43424961967466186,0.0,0.0,7.7642535513733,2.89795517687744,0.37324324324324326,0.012937299896774283
2018-01-03,0.4213123197778876,0.0,0.0,8.056826275645058,3.009333489984181,0.37351351351351353,0.013434524508857949
2018-01-04,0.4078777952690296,0.0,0.0,8.377702254709915,3.131449248179409,0.3737837837837838,0.013979684143658074
2018-01-05,0.39389811112537154,0.0,0.0,8.638458122419605,3.2312502814672253,0.37405405405405406,0.014425224470835826
2018-01-06,0.3794728866545357,0.0,0.0,8.773691223595312,3.28420603910257,0.37432432432432433,0.01466163410313647
2018-01-07,0.36481125255139923,0.0,0.0,8.856829163240173,3.317720329797535,0.3745945945945946,0.014811251472310423
2018-01-08,0.3500000010790888,24.371439814567566,0.0,9.088974458338512,3.407137182085275,0.37486486486486487,0.015210433848594976
2018-01-09,0.44359063783124186,0.0,0.0,9.1197495533086,3.4211384810790095,0.37513513513513513,0.015272939647674148
2018-01-10,0.42831769818356774,0.0,0.0,9.211222711895058,3.457942796438442,0.3754054054054054,0.015437244626957327
2018-01-11,0.4128804535566104,0.0,0.0,9.32711737915896,3.5039711235218793,0.37567567567567567,0.01564272823000839
2018-01-12,0.397237725326602,0.0,0.0,9.387732003138973,3.5292797882071114,0.37594594594594594,0.015755713340210316
2018-01-13,0.3814820119863917,0.0,0.0,9.293597022739897,3.4964019069334964,0.3762162162162162,0.015608937084524535
2018-01-14,0.36587307490186716,0.0,0.0,9.444078801498746,3.555568046077771,0.37648648648648647,0.015873071634275763
2018-01-15,0.3500000032675914,22.914351224899292,0.0,9.197042301458122,3.46504782925206,0.37675675675675674,0.015468963523446694
2018-01-16,0.43682725056958793,0.0,0.0,8.518779560111938,3.2118101314476086,0.377027027027027,0.01433843808681968
2018-01-17,0.42248881248276826,0.0,0.0,8.530202217052635,3.2184222418933723,0.3772972972972973,0.014367956437023982
2018-01-18,0.4081208560457443,0.0,0.0,8.914119299138083,3.3656823407826764,0.3775675675675676,0.015025367592779804
2018-01-19,0.3930954884529645,0.0,0.0,8.733934466799328,3.300010914752827,0.37783783783783786,0.014732191583717977
2018-01-20,0.3783632968692465,0.0,0.0,8.330012659508782,3.149645327203456,0.37810810810810813,0.014060916639301141
2018-01-21,0.3643023802299454,0.0,0.0,8.467007896580208,3.203732717624944,0.3783783783783784,0.014302378203682783
2018-01-22,0.3500000020262626,24.852726459503174,0.0,8.860809776298455,3.355133647728145,0.37864864864864867,0.014978275213072073
2018-01-23,0.4459713985074011,0.0,0.0,9.106560662472184,3.450648121293514,0.37891891891891893,0.015404679112917471
2018-01-24,0.4305667193944836,0.0,0.0,9.326580483401868,3.5365384914088707,0.3791891891891892,0.01578811826521817
2018-01-25,0.41477860112926546,0.0,0.0,9.365359825118611,3.553774376882846,0.37945945945945947,0.015865064182512705
2018-01-26,0.39891353694675274,0.0,0.0,9.39771456786179,3.5685916129313013,0.37972972972972974,0.015931212557729023
2018-01-27,0.38298232438902374,0.0,0.0,9.528274059436033,3.6207441425856923,0.38,0.01616403635082898
2018-01-28,0.3668182880381948,0.0,0.0,9.906890733290876,3.7672960166865574,0.38027027027027027,0.016818285788779273
2018-01-29,0.3500000022494155,26.875378489494324,0.0,10.237710809164517,3.8958640052172,0.38054054054054054,0.01739225002329107
2018-01-30,0.45258712048279554,0.0,0.0,9.91016756481569,3.7738989456284617,0.3808108108108108,0.01684776315012706
2018-01-31,0.4357393573326685,0.0,0.0,10.20560601678489,3.8891633739639713,0.3810810810810811,0.017362336490910586
2018-02-01,0.41837702084175793,0.0,0.0,10.168226075744178,3.8776667548310906,0.38135135135135134,0.017311012298353082
2018-02-02,0.40106600854340485,0.0,0.0,10.219773429103347,3.90008650861998,0.3816216216216216,0.01741110048491062
2018-02-03,0.3836549080584942,0.0,0.0,9.90269126584874,3.781757502336289,0.3818918918918919,0.016882845992572715
2018-02-04,0.3667720620659215,0.0,0.0,9.830752514221203,3.7569416365158865,0.38216216216216214,0.016772060877303062
2018-02-05,0.35000000118861846,28.179533779621124,0.0,9.92159801018661,3.7943408606524467,0.3824324324324324,0.016939021699341278
2018-02-06,0.4588624695768715,0.0,0.0,10.2185848140595,3.9106800261373653,0.3827027027027027,0.017458392973827522
2018-02-07,0.441404076603044,0.0,0.0,10.230493145853119,3.9180023750469917,0.38297297297297295,0.01749108203145978
2018-02-08,0.4239129945715842,0.0,0.0,10.676539299315927,4.09171154768378,0.38324324324324327,0.018266569409302588
2018-02-09,0.4056464251622816,0.0,0.0,10.600843239079458,4.065566636825339,0.38351351351351354,0.018149851057255972
2018-02-10,0.38749657410502564,0.0,0.0,10.758802354681972,4.12905387666173,0.3837837837837838,0.018433276235097006
2018-02-11,0.36906329786992864,0.0,0.0,11.118691210401865,4.270178435130013,0.3840540540540541,0.019063296585401842
2018-02-12,0.3500000012845268,31.730765104293823,0.0,11.298060306620066,4.342119393517225,0.38432432432432434,0.019384461578201895
2018-02-13,0.47227074106477945,0.0,0.0,11.502276570332846,4.423713394482065,0.3845945945945946,0.019748720511080644
2018-02-14,0.45252202055369883,0.0,0.0,11.4867346093598,4.4208405631698255,0.3848648648648649,0.01973589537129386
2018-02-15,0.432786125182405,0.0,0.0,11.947833186803285,4.601530348971536,0.38513513513513514,0.02054254620076578
2018-02-16,0.4122435789816392,0.0,0.0,12.116877413507439,4.669910051800435,0.3854054054054054,0.020847812731251938
2018-02-17,0.3913957662503873,0.0,0.0,12.073440413089841,4.656432289048434,0.3856756756756757,0.02078764414753765
2018-02-18,0.37060812210284966,0.0,0.0,11.96079116311692,4.61621885971107,0.38594594594594595,0.02060811990942442
2018-02-19,0.35000000219342525,34.84232693910599,0.0,12.435995812398382,4.802983247545213,0.3862162162162162,0.0214418894979697
2018-02-20,0.4841042151021787,0.0,0.0,12.629809720583644,4.881250783901246,0.3864864864864865,0.021791298142416274
2018-02-21,0.46231291695976245,0.0,0.0,12.768519535634823,4.938311204187414,0.38675675675675675,0.022046032161550953
2018-02-22,0.4402668847982115,0.0,0.0,12.763183188906265,4.939696845003722,0.387027027027027,0.022052218058052325
2018-02-23,0.41821466674015917,0.0,0.0,13.041886595037193,5.051087429915756,0.3872972972972973,0.02254949745498105
2018-02-24,0.39566516928517814,0.0,0.0,13.388109613575685,5.188797077261496,0.3875675675675676,0.02316427266634596
2018-02-25,0.3725008966188322,0.0,0.0,12.995638329849744,5.040200271171455,0.3878378378378379,0.022500894067729704
2018-02-26,0.3500000025511025,36.33403122425079,0.0,12.978856971487083,5.037199624609582,0.38810810810810814,0.022487498324149917
2018-02-27,0.48971800076378647,0.0,0.0,13.164104912746751,5.1126537188154275,0.3883783783783784,0.022824346958997443
2018-02-28,0.46689365380478903,0.0,0.0,13.204650122701823,5.131969426066276,0.3886486486486487,0.02291057779493873
2018-03-01,0.4439830760098503,0.0,0.0,13.13821415484192,5.109700045626358,0.38891891891891894,0.022811160917974808
2018-03-02,0.4211719150918755,0.0,0.0,13.233748097203284,5.150431691884521,0.3891891891891892,0.022992998624484468
2018-03-03,0.39817891646739106,0.0,0.0,13.568509773460962,5.284384482042499,0.3894594594594595,0.023591002151975442
2018-03-04,0.3745879143154156,0.0,0.0,14.132082780193599,5.507692802443019,0.38972972972972975,0.02458791429662062
2018-03-05,0.350000000018795,39.7812294960022,0.0,14.034053408061435,5.47328082914396,0.39,0.024434289415821247
2018-03-06,0.5031604851386978,0.0,0.0,14.031728691707837,5.476166548871923,0.3902702702702703,0.024447172093178225
2018-03-07,0.4787133130455196,0.0,0.0,14.236841821240954,5.5600639004576164,0.39054054054054055,0.02482171384132864
2018-03-08,0.453891599204191,0.0,0.0,14.94815801933602,5.841901755664834,0.3908108108108108,0.026079918552075147
2018-03-09,0.42781168065211583,0.0,0.0,14.654893965630166,5.731251775207257,0.3910810810810811,0.025585945425032394
2018-03-10,0.40222573522708344,0.0,0.0,14.729394282139713,5.764368356902245,0.39135135135135135,0.025733787307599305
2018-03-11,0.37649194791948415,0.0,0.0,15.152881264628512,5.934195933093706,0.3916216216216216,0.026491946129882614
2018-03-12,0.35000000178960156,37.55773365497589,0.0,14.37220955937643,5.632352394890763,0.3918918918918919,0.02514443033433376
2018-03-13,0.49252402527212447,0.0,0.0,14.401131490548748,5.647578862915198,0.39216216216216215,0.025212405638014274
2018-03-14,0.46731161963411016,0.0,0.0,12.01607071788042,4.7154958600979375,0.3924324324324324,0.021051320804008646
2018-03-15,0.44626029883010154,0.0,0.0,13.672113460180553,5.369075907470904,0.39270270270270274,0.02396908887263796
2018-03-16,0.4222912099574636,0.0,0.0,13.500862634329218,5.305474127112077,0.392972972972973,0.02368515235317891
2018-03-17,0.3986060576042847,0.0,0.0,14.002604079893977,5.506429442228578,0.3932432432432433,0.02458227429566329
2018-03-18,0.3740237833086214,0.0,0.0,13.675076152664815,5.381327264399992,0.39351351351351355,0.024023782430357105
2018-03-19,0.35000000087826433,41.432224810123444,0.0,14.765826434141008,5.8145430039306625,0.3937837837837838,0.025957781267547598
2018-03-20,0.5090075089416249,0.0,0.33929,14.887182959688715,5.86635479870977,0.3940540540540541,0.026189083922811468
2018-03-21,0.4843331125188135,0.0,0.0,14.784648937428166,5.829946702623701,0.39432432432432435,0.02602654777957009
2018-03-22,0.4583065647392434,0.0,0.0,14.889541425782982,5.875332562606258,0.3945945945945946,0.02622916322592079
2018-03-23,0.43207740151332263,0.0,0.0,14.85798060523989,5.866894503852833,0.3948648648648649,0.026191493320771572
2018-03-24,0.40588590819255105,0.0,0.0,15.487190747078788,6.119533208710592,0.39513513513513515,0.02731934468174371
2018-03-25,0.37856656351080736,0.0,0.0,15.325080715541185,6.059619753199123,0.3954054054054054,0.027051873898210368
2018-03-26,0.351514689612597,44.74963277578354,0.0,15.681844624734458,6.204924467732769,0.3956756756756757,0.027700555659521287
2018-03-27,0.5235892802735379,0.0,0.0,15.887352644855468,6.290532871544125,0.39594594594594595,0.028082736033679126
2018-03-28,0.4955065442398588,0.0,0.0,16.234423200539528,6.432341732970526,0.3962162162162162,0.02871581130790413
2018-03-29,0.46679073293195467,0.0,0.0,16.319619053582095,6.470508419352685,0.3964864864864865,0.028886198300681624
2018-03-30,0.43790453463127305,0.0,0.0,16.55248728534847,6.567311171592312,0.39675675675675676,0.029318353444608532
2018-03-31,0.4085861811866645,0.0,0.0,16.422290585449193,6.5200932081148295,0.3970270270270271,0.029107558964798344
2018-04-01,0.3794786222218662,0.0,0.0,16.620327244226488,6.603211094327821,0.3972972972972973,0.029478620956820627
2018-04-02,0.35000000126504555,45.341954827308655,0.0,16.48755144600969,6.5549157235352045,0.3975675675675676,0.029263016622925016
2018-04-03,0.5231564258354627,0.0,0.0,16.503973085107148,6.565904967912899,0.3978378378378379,0.02931207574961115
2018-04-04,0.4938443500858516,0.0,0.0,16.70955748232282,6.65221031661122,0.39810810810810815,0.029697367484871513
2018-04-05,0.4641469826009801,0.0,0.0,16.323099918206022,6.502770075523157,0.3983783783783784,0.02903022355144266
2018-04-06,0.43511675904953745,0.0,0.0,15.298015388230194,6.0985331615242,0.3986486486486487,0.027225594471090176
2018-04-07,0.40789116457844726,0.0,0.0,16.318961426807643,6.5099424502616445,0.39891891891891895,0.029062243081525194
2018-04-08,0.37882892149692204,0.0,0.0,16.17698677638416,6.45767823478903,0.3991891891891892,0.02882892069102245
2018-04-09,0.3500000008058996,6.388274431228638,0.0,15.992296043516799,6.388273933058873,0.3994594594594595,0.028519080058298535
